example_number,n_replicates,n_days
18,100,3.315208333333333
19,100,2.2213425925925923
22,100,2.878564814814815
26,100,2.656145833333333
28,100,2.68931712962963
32,100,6.000034722222222
33,100,9.847118055555557
34,100,4.357372685185186
35,100,1.7553819444444445
36,100,2.1936805555555554
37,100,2.4944560185185187
38,100,2.900486111111111
39,100,3.0044907407407404
40,100,2.966493055555556
41,65,7.970995370370371
42,5,0.8336689814814814
